{"v":"4.8.0","meta":{"g":"LottieFiles AE 3.2.2","a":"","k":"","d":"","tc":""},"fr":29.9700012207031,"ip":0,"op":92.0000037472368,"w":334,"h":256,"nm":"Submission","ddd":0,"assets":[{"id":"comp_0","layers":[{"ddd":0,"ind":1,"ty":4,"nm":"Path 12059","sr":1,"ks":{"o":{"a":0,"k":100,"ix":11},"r":{"a":0,"k":0,"ix":10},"p":{"a":0,"k":[203.5,205.216,0],"ix":2},"a":{"a":0,"k":[73,46.716,0],"ix":1},"s":{"a":0,"k":[100,100,100],"ix":6}},"ao":0,"shapes":[{"ty":"gr","it":[{"ind":0,"ty":"sh","ix":1,"ks":{"a":0,"k":{"i":[[0,0],[0,0],[0,0]],"o":[[0,0],[0,0],[0,0]],"v":[[0,47.762],[41.026,93.432],[146,0]],"c":false},"ix":2},"nm":"Path 1","mn":"ADBE Vector Shape - Group","hd":false},{"ty":"st","c":{"a":0,"k":[1,1,1,1],"ix":3},"o":{"a":0,"k":100,"ix":4},"w":{"a":0,"k":15,"ix":5},"lc":2,"lj":2,"bm":0,"nm":"Stroke 1","mn":"ADBE Vector Graphic - Stroke","hd":false},{"ty":"tr","p":{"a":0,"k":[0,0],"ix":2},"a":{"a":0,"k":[0,0],"ix":1},"s":{"a":0,"k":[100,100],"ix":3},"r":{"a":0,"k":0,"ix":6},"o":{"a":0,"k":100,"ix":7},"sk":{"a":0,"k":0,"ix":4},"sa":{"a":0,"k":0,"ix":5},"nm":"Transform"}],"nm":"Path 12059","np":2,"cix":2,"bm":0,"ix":1,"mn":"ADBE Vector Group","hd":false},{"ty":"tm","s":{"a":0,"k":0,"ix":1},"e":{"a":0,"k":100,"ix":2},"o":{"a":0,"k":0,"ix":3},"m":1,"ix":2,"nm":"Trim Paths 1","mn":"ADBE Vector Filter - Trim","hd":false},{"ty":"tm","s":{"a":0,"k":0,"ix":1},"e":{"a":1,"k":[{"i":{"x":[0.667],"y":[1]},"o":{"x":[0.333],"y":[0]},"t":34,"s":[0]},{"t":47.0000019143492,"s":[100]}],"ix":2},"o":{"a":0,"k":0,"ix":3},"m":1,"ix":3,"nm":"Trim Paths 2","mn":"ADBE Vector Filter - Trim","hd":false}],"ip":34.0000013848484,"op":121.000004928431,"st":-6.00000024438501,"bm":0},{"ddd":0,"ind":2,"ty":4,"nm":"Path 12061","sr":1,"ks":{"o":{"a":0,"k":100,"ix":11},"r":{"a":0,"k":0,"ix":10},"p":{"a":0,"k":[203.5,205.216,0],"ix":2},"a":{"a":0,"k":[73,46.716,0],"ix":1},"s":{"a":0,"k":[100,100,100],"ix":6}},"ao":0,"shapes":[{"ty":"gr","it":[{"ind":0,"ty":"sh","ix":1,"ks":{"a":0,"k":{"i":[[0,0],[0,0],[0,0]],"o":[[0,0],[0,0],[0,0]],"v":[[0,47.762],[41.026,93.432],[146,0]],"c":false},"ix":2},"nm":"Path 1","mn":"ADBE Vector Shape - Group","hd":false},{"ty":"st","c":{"a":0,"k":[0.090196080506,0.57647061348,0.219607844949,1],"ix":3},"o":{"a":0,"k":100,"ix":4},"w":{"a":0,"k":15,"ix":5},"lc":2,"lj":2,"bm":0,"nm":"Stroke 1","mn":"ADBE Vector Graphic - Stroke","hd":false},{"ty":"tr","p":{"a":0,"k":[0,0],"ix":2},"a":{"a":0,"k":[0,0],"ix":1},"s":{"a":0,"k":[100,100],"ix":3},"r":{"a":0,"k":0,"ix":6},"o":{"a":0,"k":100,"ix":7},"sk":{"a":0,"k":0,"ix":4},"sa":{"a":0,"k":0,"ix":5},"nm":"Transform"}],"nm":"Path 12061","np":2,"cix":2,"bm":0,"ix":1,"mn":"ADBE Vector Group","hd":false},{"ty":"tm","s":{"a":0,"k":0,"ix":1},"e":{"a":0,"k":100,"ix":2},"o":{"a":0,"k":0,"ix":3},"m":1,"ix":2,"nm":"Trim Paths 1","mn":"ADBE Vector Filter - Trim","hd":false},{"ty":"tm","s":{"a":0,"k":0,"ix":1},"e":{"a":1,"k":[{"i":{"x":[0.667],"y":[1]},"o":{"x":[0.333],"y":[0]},"t":30,"s":[0]},{"t":43.0000017514259,"s":[100]}],"ix":2},"o":{"a":0,"k":0,"ix":3},"m":1,"ix":3,"nm":"Trim Paths 2","mn":"ADBE Vector Filter - Trim","hd":false}],"ip":30.0000012219251,"op":121.000004928431,"st":-33.0000013441176,"bm":0},{"ddd":0,"ind":3,"ty":4,"nm":"Ellipse 274","sr":1,"ks":{"o":{"a":0,"k":100,"ix":11},"r":{"a":0,"k":82,"ix":10},"p":{"a":0,"k":[203.039,203.039,0],"ix":2},"a":{"a":0,"k":[0,0,0],"ix":1},"s":{"a":1,"k":[{"i":{"x":[0.667,0.667,0.667],"y":[1,1,1]},"o":{"x":[0.333,0.333,0.333],"y":[0,0,0]},"t":24,"s":[0,0,100]},{"t":34.0000013848484,"s":[100,100,100]}],"ix":6}},"ao":0,"shapes":[{"ty":"gr","it":[{"d":1,"ty":"el","s":{"a":0,"k":[271,271],"ix":2},"p":{"a":0,"k":[0,0],"ix":3},"nm":"Ellipse Path 1","mn":"ADBE Vector Shape - Ellipse","hd":false},{"ty":"tr","p":{"a":0,"k":[0,0],"ix":2},"a":{"a":0,"k":[0,0],"ix":1},"s":{"a":0,"k":[100,100],"ix":3},"r":{"a":0,"k":0,"ix":6},"o":{"a":0,"k":100,"ix":7},"sk":{"a":0,"k":0,"ix":4},"sa":{"a":0,"k":0,"ix":5},"nm":"Transform"}],"nm":"Ellipse 274 Stroke","np":1,"cix":2,"bm":0,"ix":1,"mn":"ADBE Vector Group","hd":false},{"ty":"gr","it":[{"d":1,"ty":"el","s":{"a":0,"k":[271,271],"ix":2},"p":{"a":0,"k":[0,0],"ix":3},"nm":"Ellipse Path 1","mn":"ADBE Vector Shape - Ellipse","hd":false},{"ty":"fl","c":{"a":0,"k":[0.168627455831,0.807843148708,0.141176477075,1],"ix":4},"o":{"a":0,"k":100,"ix":5},"r":1,"bm":0,"nm":"Fill 1","mn":"ADBE Vector Graphic - Fill","hd":false},{"ty":"tr","p":{"a":0,"k":[0,0],"ix":2},"a":{"a":0,"k":[0,0],"ix":1},"s":{"a":0,"k":[100,100],"ix":3},"r":{"a":0,"k":0,"ix":6},"o":{"a":0,"k":100,"ix":7},"sk":{"a":0,"k":0,"ix":4},"sa":{"a":0,"k":0,"ix":5},"nm":"Transform"}],"nm":"Ellipse 274 Fill","np":2,"cix":2,"bm":0,"ix":2,"mn":"ADBE Vector Group","hd":false}],"ip":0,"op":121.000004928431,"st":0,"bm":0},{"ddd":0,"ind":4,"ty":4,"nm":"Ellipse 272","sr":1,"ks":{"o":{"a":0,"k":100,"ix":11},"r":{"a":0,"k":82,"ix":10},"p":{"a":0,"k":[203.5,203.496,0],"ix":2},"a":{"a":0,"k":[0,0,0],"ix":1},"s":{"a":1,"k":[{"i":{"x":[0.667,0.667,0.667],"y":[1,1,1]},"o":{"x":[0.333,0.333,0.333],"y":[0,0,0]},"t":20,"s":[0,0,100]},{"t":30.0000012219251,"s":[100,100,100]}],"ix":6}},"ao":0,"shapes":[{"ty":"gr","it":[{"d":1,"ty":"el","s":{"a":0,"k":[271,271],"ix":2},"p":{"a":0,"k":[0,0],"ix":3},"nm":"Ellipse Path 1","mn":"ADBE Vector Shape - Ellipse","hd":false},{"ty":"tr","p":{"a":0,"k":[0,0],"ix":2},"a":{"a":0,"k":[0,0],"ix":1},"s":{"a":0,"k":[100,100],"ix":3},"r":{"a":0,"k":0,"ix":6},"o":{"a":0,"k":100,"ix":7},"sk":{"a":0,"k":0,"ix":4},"sa":{"a":0,"k":0,"ix":5},"nm":"Transform"}],"nm":"Ellipse 272 Stroke","np":1,"cix":2,"bm":0,"ix":1,"mn":"ADBE Vector Group","hd":false},{"ty":"gr","it":[{"d":1,"ty":"el","s":{"a":0,"k":[271,271],"ix":2},"p":{"a":0,"k":[0,0],"ix":3},"nm":"Ellipse Path 1","mn":"ADBE Vector Shape - Ellipse","hd":false},{"ty":"fl","c":{"a":0,"k":[0.847058832645,0.847058832645,0.847058832645,1],"ix":4},"o":{"a":0,"k":100,"ix":5},"r":1,"bm":0,"nm":"Fill 1","mn":"ADBE Vector Graphic - Fill","hd":false},{"ty":"tr","p":{"a":0,"k":[0,0],"ix":2},"a":{"a":0,"k":[0,0],"ix":1},"s":{"a":0,"k":[100,100],"ix":3},"r":{"a":0,"k":0,"ix":6},"o":{"a":0,"k":100,"ix":7},"sk":{"a":0,"k":0,"ix":4},"sa":{"a":0,"k":0,"ix":5},"nm":"Transform"}],"nm":"Ellipse 272 Fill","np":2,"cix":2,"bm":0,"ix":2,"mn":"ADBE Vector Group","hd":false}],"ip":0,"op":121.000004928431,"st":0,"bm":0},{"ddd":0,"ind":5,"ty":4,"nm":"Ellipse 275","sr":1,"ks":{"o":{"a":0,"k":100,"ix":11},"r":{"a":0,"k":82,"ix":10},"p":{"a":0,"k":[203.5,203.039,0],"ix":2},"a":{"a":0,"k":[0,0,0],"ix":1},"s":{"a":0,"k":[100,100,100],"ix":6}},"ao":0,"shapes":[{"ty":"gr","it":[{"d":1,"ty":"el","s":{"a":0,"k":[271,271],"ix":2},"p":{"a":0,"k":[0,0],"ix":3},"nm":"Ellipse Path 1","mn":"ADBE Vector Shape - Ellipse","hd":false},{"ty":"st","c":{"a":0,"k":[0.168627455831,0.807843148708,0.141176477075,1],"ix":3},"o":{"a":0,"k":100,"ix":4},"w":{"a":0,"k":15,"ix":5},"lc":2,"lj":1,"ml":4,"bm":0,"nm":"Stroke 1","mn":"ADBE Vector Graphic - Stroke","hd":false},{"ty":"tr","p":{"a":0,"k":[0,0],"ix":2},"a":{"a":0,"k":[0,0],"ix":1},"s":{"a":0,"k":[100,100],"ix":3},"r":{"a":0,"k":0,"ix":6},"o":{"a":0,"k":100,"ix":7},"sk":{"a":0,"k":0,"ix":4},"sa":{"a":0,"k":0,"ix":5},"nm":"Transform"}],"nm":"Ellipse 273 Stroke","np":2,"cix":2,"bm":0,"ix":1,"mn":"ADBE Vector Group","hd":false},{"ty":"gr","it":[{"d":1,"ty":"el","s":{"a":0,"k":[271,271],"ix":2},"p":{"a":0,"k":[0,0],"ix":3},"nm":"Ellipse Path 1","mn":"ADBE Vector Shape - Ellipse","hd":false},{"ty":"tr","p":{"a":0,"k":[0,0],"ix":2},"a":{"a":0,"k":[0,0],"ix":1},"s":{"a":0,"k":[100,100],"ix":3},"r":{"a":0,"k":0,"ix":6},"o":{"a":0,"k":100,"ix":7},"sk":{"a":0,"k":0,"ix":4},"sa":{"a":0,"k":0,"ix":5},"nm":"Transform"}],"nm":"Ellipse 273 Fill","np":1,"cix":2,"bm":0,"ix":2,"mn":"ADBE Vector Group","hd":false},{"ty":"tm","s":{"a":0,"k":0,"ix":1},"e":{"a":1,"k":[{"i":{"x":[0.667],"y":[1]},"o":{"x":[0.333],"y":[0]},"t":0,"s":[0]},{"t":30.0000012219251,"s":[100]}],"ix":2},"o":{"a":1,"k":[{"i":{"x":[0.667],"y":[1]},"o":{"x":[0.333],"y":[0]},"t":0,"s":[-52.75]},{"t":30.0000012219251,"s":[110.275]}],"ix":3},"m":1,"ix":3,"nm":"Trim Paths 1","mn":"ADBE Vector Filter - Trim","hd":false}],"ip":0,"op":121.000004928431,"st":0,"bm":0},{"ddd":0,"ind":6,"ty":4,"nm":"Ellipse 273","sr":1,"ks":{"o":{"a":0,"k":100,"ix":11},"r":{"a":0,"k":82,"ix":10},"p":{"a":0,"k":[203.5,203.039,0],"ix":2},"a":{"a":0,"k":[0,0,0],"ix":1},"s":{"a":1,"k":[{"i":{"x":[0.667,0.667,0.667],"y":[1,1,1]},"o":{"x":[0.333,0.333,0.333],"y":[0,0,0]},"t":35,"s":[100,100,100]},{"t":59.0000024031193,"s":[120,120,100]}],"ix":6}},"ao":0,"shapes":[{"ty":"gr","it":[{"d":1,"ty":"el","s":{"a":0,"k":[271,271],"ix":2},"p":{"a":0,"k":[0,0],"ix":3},"nm":"Ellipse Path 1","mn":"ADBE Vector Shape - Ellipse","hd":false},{"ty":"st","c":{"a":0,"k":[0.168627455831,0.807843148708,0.141176477075,1],"ix":3},"o":{"a":0,"k":100,"ix":4},"w":{"a":1,"k":[{"i":{"x":[0],"y":[1]},"o":{"x":[0.167],"y":[0.167]},"t":41,"s":[20]},{"t":59.0000024031193,"s":[0]}],"ix":5},"lc":2,"lj":1,"ml":4,"bm":0,"nm":"Stroke 1","mn":"ADBE Vector Graphic - Stroke","hd":false},{"ty":"tr","p":{"a":0,"k":[0,0],"ix":2},"a":{"a":0,"k":[0,0],"ix":1},"s":{"a":0,"k":[100,100],"ix":3},"r":{"a":0,"k":0,"ix":6},"o":{"a":0,"k":100,"ix":7},"sk":{"a":0,"k":0,"ix":4},"sa":{"a":0,"k":0,"ix":5},"nm":"Transform"}],"nm":"Ellipse 273 Stroke","np":2,"cix":2,"bm":0,"ix":1,"mn":"ADBE Vector Group","hd":false},{"ty":"gr","it":[{"d":1,"ty":"el","s":{"a":0,"k":[271,271],"ix":2},"p":{"a":0,"k":[0,0],"ix":3},"nm":"Ellipse Path 1","mn":"ADBE Vector Shape - Ellipse","hd":false},{"ty":"tr","p":{"a":0,"k":[0,0],"ix":2},"a":{"a":0,"k":[0,0],"ix":1},"s":{"a":0,"k":[100,100],"ix":3},"r":{"a":0,"k":0,"ix":6},"o":{"a":0,"k":100,"ix":7},"sk":{"a":0,"k":0,"ix":4},"sa":{"a":0,"k":0,"ix":5},"nm":"Transform"}],"nm":"Ellipse 273 Fill","np":1,"cix":2,"bm":0,"ix":2,"mn":"ADBE Vector Group","hd":false}],"ip":41.0000016699642,"op":123.000005009893,"st":11.0000004480392,"bm":0}]}],"fonts":{"list":[{"fName":"Poppins-SemiBold","fFamily":"Poppins","fStyle":"SemiBold","ascent":73.9990234375},{"fName":"Poppins-Regular","fFamily":"Poppins","fStyle":"Regular","ascent":73.9990234375}]},"layers":[{"ddd":0,"ind":1,"ty":5,"nm":"Welcome","sr":1,"ks":{"o":{"a":1,"k":[{"i":{"x":[0.667],"y":[1]},"o":{"x":[0.333],"y":[0]},"t":17,"s":[0]},{"t":27.0000010997325,"s":[100]}],"ix":11},"r":{"a":0,"k":0,"ix":10},"p":{"a":1,"k":[{"i":{"x":0.113,"y":1},"o":{"x":0.333,"y":0},"t":6,"s":[167,321,0],"to":[0,-20,0],"ti":[0,20,0]},{"t":27.0000010997325,"s":[167,201,0]}],"ix":2},"a":{"a":0,"k":[0,0,0],"ix":1},"s":{"a":0,"k":[100,100,100],"ix":6}},"ao":0,"t":{"d":{"k":[{"s":{"s":18,"f":"Poppins-Regular","t":"Your form has been submitted.","j":2,"tr":0,"lh":21.6,"ls":0,"fc":[0.188,0.188,0.188]},"t":0}]},"p":{},"m":{"g":1,"a":{"a":0,"k":[0,0],"ix":2}},"a":[]},"ip":9.00000036657752,"op":92.0000037472368,"st":29.0000011811942,"bm":0},{"ddd":0,"ind":2,"ty":5,"nm":"Welcome","sr":1,"ks":{"o":{"a":1,"k":[{"i":{"x":[0.667],"y":[1]},"o":{"x":[0.333],"y":[0]},"t":14,"s":[0]},{"t":24.00000097754,"s":[100]}],"ix":11},"r":{"a":0,"k":0,"ix":10},"p":{"a":1,"k":[{"i":{"x":0.033,"y":1},"o":{"x":0.333,"y":0},"t":3,"s":[167,283,0],"to":[0,-20,0],"ti":[0,20,0]},{"t":24.00000097754,"s":[167,163,0]}],"ix":2},"a":{"a":0,"k":[0,0,0],"ix":1},"s":{"a":0,"k":[100,100,100],"ix":6}},"ao":0,"t":{"d":{"k":[{"s":{"s":20,"f":"Poppins-SemiBold","t":"Thank You!","j":2,"tr":0,"lh":24,"ls":0,"fc":[0.188,0.188,0.188]},"t":0}]},"p":{},"m":{"g":1,"a":{"a":0,"k":[0,0],"ix":2}},"a":[]},"ip":6.00000024438501,"op":92.0000037472368,"st":26.0000010590017,"bm":0},{"ddd":0,"ind":3,"ty":0,"nm":"checkNew-3","refId":"comp_0","sr":1,"ks":{"o":{"a":0,"k":100,"ix":11},"r":{"a":0,"k":0,"ix":10},"p":{"a":0,"k":[165,72,0],"ix":2},"a":{"a":0,"k":[203.5,203.5,0],"ix":1},"s":{"a":0,"k":[30,30,100],"ix":6}},"ao":0,"w":407,"h":407,"ip":6.00000024438501,"op":92.0000037472368,"st":6.00000024438501,"bm":0},{"ddd":0,"ind":4,"ty":4,"nm":"Rectangle 495","sr":1,"ks":{"o":{"a":1,"k":[{"i":{"x":[0.667],"y":[1]},"o":{"x":[0.333],"y":[0]},"t":9.6,"s":[0]},{"t":16.0000006516934,"s":[100]}],"ix":11},"r":{"a":0,"k":0,"ix":10},"p":{"a":0,"k":[167,131,0],"ix":2},"a":{"a":0,"k":[0,0,0],"ix":1},"s":{"a":1,"k":[{"i":{"x":[0.667,0.667,0.667],"y":[1,1,1]},"o":{"x":[0.333,0.333,0.333],"y":[0,0,0]},"t":0,"s":[0,0,100]},{"t":16.0000006516934,"s":[100,100,100]}],"ix":6}},"ao":0,"shapes":[{"ty":"gr","it":[{"ty":"rc","d":1,"s":{"a":0,"k":[338,256],"ix":2},"p":{"a":0,"k":[0,0],"ix":3},"r":{"a":0,"k":10,"ix":4},"nm":"Rectangle Path 1","mn":"ADBE Vector Shape - Rect","hd":false},{"ty":"tr","p":{"a":0,"k":[0,0],"ix":2},"a":{"a":0,"k":[0,0],"ix":1},"s":{"a":0,"k":[100,100],"ix":3},"r":{"a":0,"k":0,"ix":6},"o":{"a":0,"k":100,"ix":7},"sk":{"a":0,"k":0,"ix":4},"sa":{"a":0,"k":0,"ix":5},"nm":"Transform"}],"nm":"Rectangle 495 Stroke","np":1,"cix":2,"bm":0,"ix":1,"mn":"ADBE Vector Group","hd":false},{"ty":"gr","it":[{"ty":"rc","d":1,"s":{"a":0,"k":[338,256],"ix":2},"p":{"a":0,"k":[0,0],"ix":3},"r":{"a":0,"k":10,"ix":4},"nm":"Rectangle Path 1","mn":"ADBE Vector Shape - Rect","hd":false},{"ty":"fl","c":{"a":0,"k":[1,1,1,1],"ix":4},"o":{"a":0,"k":100,"ix":5},"r":1,"bm":0,"nm":"Fill 1","mn":"ADBE Vector Graphic - Fill","hd":false},{"ty":"tr","p":{"a":0,"k":[-1,-3],"ix":2},"a":{"a":0,"k":[0,0],"ix":1},"s":{"a":0,"k":[100,100],"ix":3},"r":{"a":0,"k":0,"ix":6},"o":{"a":0,"k":100,"ix":7},"sk":{"a":0,"k":0,"ix":4},"sa":{"a":0,"k":0,"ix":5},"nm":"Transform"}],"nm":"Rectangle 495 Fill","np":2,"cix":2,"bm":0,"ix":2,"mn":"ADBE Vector Group","hd":false}],"ip":0,"op":92.0000037472368,"st":32.0000013033867,"bm":0}],"markers":[],"chars":[{"ch":"T","size":20,"style":"SemiBold","w":57.7,"data":{"shapes":[{"ty":"gr","it":[{"ind":0,"ty":"sh","ix":1,"ks":{"a":0,"k":{"i":[[0,0],[0,0],[0,0],[0,0],[0,0],[0,0],[0,0],[0,0]],"o":[[0,0],[0,0],[0,0],[0,0],[0,0],[0,0],[0,0],[0,0]],"v":[[3.2,-69.8],[3.2,-58.5],[21.8,-58.5],[21.8,0],[35.8,0],[35.8,-58.5],[54.4,-58.5],[54.4,-69.8]],"c":true},"ix":2},"nm":"T","mn":"ADBE Vector Shape - Group","hd":false}],"nm":"T","np":3,"cix":2,"bm":0,"ix":1,"mn":"ADBE Vector Group","hd":false}]},"fFamily":"Poppins"},{"ch":"h","size":20,"style":"SemiBold","w":66.1,"data":{"shapes":[{"ty":"gr","it":[{"ind":0,"ty":"sh","ix":1,"ks":{"a":0,"k":{"i":[[4.2,0],[3,-1.366],[1.8,-2.4],[0,0],[0,0],[0,0],[0,0],[0,0],[-2.234,2.367],[-3.867,0],[-2.2,-2.366],[0,-4.4],[0,0],[0,0],[0,0],[1.833,3.567],[3.266,1.834]],"o":[[-3.667,0],[-3,1.367],[0,0],[0,0],[0,0],[0,0],[0,0],[0,-4.4],[2.233,-2.366],[3.8,0],[2.2,2.367],[0,0],[0,0],[0,0],[0,-5],[-1.834,-3.566],[-3.267,-1.833]],"v":[[38.1,-56.2],[28.1,-54.15],[20.9,-48.5],[20.9,-74],[6.9,-74],[6.9,0],[20.9,0],[20.9,-30.6],[24.25,-40.75],[33.4,-44.3],[42.4,-40.75],[45.7,-30.6],[45.7,0],[59.7,0],[59.7,-32.5],[56.95,-45.35],[49.3,-53.45]],"c":true},"ix":2},"nm":"h","mn":"ADBE Vector Shape - Group","hd":false}],"nm":"h","np":3,"cix":2,"bm":0,"ix":1,"mn":"ADBE Vector Group","hd":false}]},"fFamily":"Poppins"},{"ch":"a","size":20,"style":"SemiBold","w":67.8,"data":{"shapes":[{"ty":"gr","it":[{"ind":0,"ty":"sh","ix":1,"ks":{"a":0,"k":{"i":[[0,-5.6],[-2.234,-4.366],[-3.834,-2.4],[-4.667,0],[-3.167,1.7],[-1.8,2.6],[0,0],[0,0],[0,0],[0,0],[0,0],[3.1,1.667],[4.133,0],[3.833,-2.333],[2.233,-4.333]],"o":[[0,5.667],[2.233,4.367],[3.833,2.4],[4.133,0],[3.166,-1.7],[0,0],[0,0],[0,0],[0,0],[0,0],[-1.867,-2.533],[-3.1,-1.666],[-4.734,0],[-3.834,2.334],[-2.234,4.334]],"v":[[3.3,-27.9],[6.65,-12.85],[15.75,-2.7],[28.5,0.9],[39.45,-1.65],[46.9,-8.1],[46.9,0],[61,0],[61,-55.4],[46.9,-55.4],[46.9,-47.5],[39.45,-53.8],[28.6,-56.3],[15.75,-52.8],[6.65,-42.8]],"c":true},"ix":2},"nm":"a","mn":"ADBE Vector Shape - Group","hd":false},{"ind":1,"ty":"sh","ix":2,"ks":{"a":0,"k":{"i":[[0,-3.4],[1.333,-2.433],[2.266,-1.3],[2.6,0],[2.233,1.334],[1.366,2.5],[0,3.334],[-1.367,2.434],[-2.2,1.267],[-2.6,0],[-2.267,-1.3],[-1.334,-2.433]],"o":[[0,3.4],[-1.334,2.434],[-2.267,1.3],[-2.534,0],[-2.234,-1.333],[-1.367,-2.5],[0,-3.333],[1.366,-2.433],[2.2,-1.266],[2.6,0],[2.266,1.3],[1.333,2.434]],"v":[[46.9,-27.7],[44.9,-18.95],[39.5,-13.35],[32.2,-11.4],[25.05,-13.4],[19.65,-19.15],[17.6,-27.9],[19.65,-36.55],[25,-42.1],[32.2,-44],[39.5,-42.05],[44.9,-36.45]],"c":true},"ix":2},"nm":"a","mn":"ADBE Vector Shape - Group","hd":false}],"nm":"a","np":5,"cix":2,"bm":0,"ix":1,"mn":"ADBE Vector Group","hd":false}]},"fFamily":"Poppins"},{"ch":"n","size":20,"style":"SemiBold","w":66.1,"data":{"shapes":[{"ty":"gr","it":[{"ind":0,"ty":"sh","ix":1,"ks":{"a":0,"k":{"i":[[6.6,0],[2.9,-1.366],[1.866,-2.4],[0,0],[0,0],[0,0],[0,0],[0,0],[-2.234,2.367],[-3.867,0],[-2.2,-2.366],[0,-4.4],[0,0],[0,0],[0,0],[4.066,4.167]],"o":[[-3.467,0],[-2.9,1.367],[0,0],[0,0],[0,0],[0,0],[0,0],[0,-4.4],[2.233,-2.366],[3.8,0],[2.2,2.367],[0,0],[0,0],[0,0],[0,-7.466],[-4.067,-4.166]],"v":[[37.6,-56.2],[28.05,-54.15],[20.9,-48.5],[20.9,-55.4],[6.9,-55.4],[6.9,0],[20.9,0],[20.9,-30.6],[24.25,-40.75],[33.4,-44.3],[42.4,-40.75],[45.7,-30.6],[45.7,0],[59.7,0],[59.7,-32.5],[53.6,-49.95]],"c":true},"ix":2},"nm":"n","mn":"ADBE Vector Shape - Group","hd":false}],"nm":"n","np":3,"cix":2,"bm":0,"ix":1,"mn":"ADBE Vector Group","hd":false}]},"fFamily":"Poppins"},{"ch":"k","size":20,"style":"SemiBold","w":58.4,"data":{"shapes":[{"ty":"gr","it":[{"ind":0,"ty":"sh","ix":1,"ks":{"a":0,"k":{"i":[[0,0],[0,0],[0,0],[0,0],[0,0],[0,0],[0,0],[0,0],[0,0],[0,0],[0,0]],"o":[[0,0],[0,0],[0,0],[0,0],[0,0],[0,0],[0,0],[0,0],[0,0],[0,0],[0,0]],"v":[[57.9,0],[33.3,-27.6],[57.7,-55.4],[39.5,-55.4],[20.9,-31.9],[20.9,-74],[6.9,-74],[6.9,0],[20.9,0],[20.9,-23.6],[39.7,0]],"c":true},"ix":2},"nm":"k","mn":"ADBE Vector Shape - Group","hd":false}],"nm":"k","np":3,"cix":2,"bm":0,"ix":1,"mn":"ADBE Vector Group","hd":false}]},"fFamily":"Poppins"},{"ch":" ","size":20,"style":"SemiBold","w":23.8,"data":{},"fFamily":"Poppins"},{"ch":"Y","size":20,"style":"SemiBold","w":63.6,"data":{"shapes":[{"ty":"gr","it":[{"ind":0,"ty":"sh","ix":1,"ks":{"a":0,"k":{"i":[[0,0],[0,0],[0,0],[0,0],[0,0],[0,0],[0,0],[0,0],[0,0]],"o":[[0,0],[0,0],[0,0],[0,0],[0,0],[0,0],[0,0],[0,0],[0,0]],"v":[[46.8,-69.8],[31.9,-37.9],[16.9,-69.8],[1.1,-69.8],[24.8,-24.3],[24.8,0],[38.8,0],[38.8,-24.3],[62.4,-69.8]],"c":true},"ix":2},"nm":"Y","mn":"ADBE Vector Shape - Group","hd":false}],"nm":"Y","np":3,"cix":2,"bm":0,"ix":1,"mn":"ADBE Vector Group","hd":false}]},"fFamily":"Poppins"},{"ch":"o","size":20,"style":"SemiBold","w":63.8,"data":{"shapes":[{"ty":"gr","it":[{"ind":0,"ty":"sh","ix":1,"ks":{"a":0,"k":{"i":[[-5.334,0],[-4.367,2.367],[-2.567,4.334],[0,5.667],[2.5,4.334],[4.333,2.367],[5.333,0],[4.333,-2.366],[2.5,-4.333],[0,-5.666],[-2.434,-4.333],[-4.267,-2.366]],"o":[[5.4,0],[4.366,-2.366],[2.566,-4.333],[0,-5.666],[-2.5,-4.333],[-4.334,-2.366],[-5.334,0],[-4.334,2.367],[-2.5,4.334],[0,5.667],[2.433,4.334],[4.266,2.367]],"v":[[31.5,0.9],[46.15,-2.65],[56.55,-12.7],[60.4,-27.7],[56.65,-42.7],[46.4,-52.75],[31.9,-56.3],[17.4,-52.75],[7.15,-42.7],[3.4,-27.7],[7.05,-12.7],[17.1,-2.65]],"c":true},"ix":2},"nm":"o","mn":"ADBE Vector Shape - Group","hd":false},{"ind":1,"ty":"sh","ix":2,"ks":{"a":0,"k":{"i":[[2.533,0],[2.633,2.834],[0,5.267],[-2.7,2.834],[-4,0],[-2.767,-2.833],[0,-5.266],[1.333,-2.466],[2.233,-1.233]],"o":[[-4,0],[-2.634,-2.833],[0,-5.266],[2.7,-2.833],[4,0],[2.766,2.834],[0,3.534],[-1.334,2.467],[-2.234,1.234]],"v":[[31.5,-11.3],[21.55,-15.55],[17.6,-27.7],[21.65,-39.85],[31.7,-44.1],[41.85,-39.85],[46,-27.7],[44,-18.7],[38.65,-13.15]],"c":true},"ix":2},"nm":"o","mn":"ADBE Vector Shape - Group","hd":false}],"nm":"o","np":5,"cix":2,"bm":0,"ix":1,"mn":"ADBE Vector Group","hd":false}]},"fFamily":"Poppins"},{"ch":"u","size":20,"style":"SemiBold","w":66.1,"data":{"shapes":[{"ty":"gr","it":[{"ind":0,"ty":"sh","ix":1,"ks":{"a":0,"k":{"i":[[0,0],[0,0],[2.2,-2.366],[3.866,0],[2.2,2.367],[0,4.4],[0,0],[0,0],[0,0],[-1.9,-3.566],[-3.334,-1.833],[-4.334,0],[-2.9,1.366],[-1.8,2.4],[0,0],[0,0],[0,0]],"o":[[0,0],[0,4.4],[-2.2,2.367],[-3.8,0],[-2.2,-2.366],[0,0],[0,0],[0,0],[0,4.934],[1.9,3.567],[3.333,1.834],[3.4,0],[2.9,-1.366],[0,0],[0,0],[0,0],[0,0]],"v":[[45.1,-55.4],[45.1,-24.9],[41.8,-14.75],[32.7,-11.2],[23.7,-14.75],[20.4,-24.9],[20.4,-55.4],[6.4,-55.4],[6.4,-22.9],[9.25,-10.15],[17.1,-2.05],[28.6,0.7],[38.05,-1.35],[45.1,-7],[45.1,0],[59.2,0],[59.2,-55.4]],"c":true},"ix":2},"nm":"u","mn":"ADBE Vector Shape - Group","hd":false}],"nm":"u","np":3,"cix":2,"bm":0,"ix":1,"mn":"ADBE Vector Group","hd":false}]},"fFamily":"Poppins"},{"ch":"!","size":20,"style":"SemiBold","w":35.4,"data":{"shapes":[{"ty":"gr","it":[{"ind":0,"ty":"sh","ix":1,"ks":{"a":0,"k":{"i":[[0,0],[0,0],[0,0],[0,0]],"o":[[0,0],[0,0],[0,0],[0,0]],"v":[[9.9,-71],[11.6,-22.7],[23.4,-22.7],[25,-71]],"c":true},"ix":2},"nm":"!","mn":"ADBE Vector Shape - Group","hd":false},{"ind":1,"ty":"sh","ix":2,"ks":{"a":0,"k":{"i":[[-2.534,0],[-1.6,1.567],[0,2.334],[1.6,1.567],[2.466,0],[1.633,-1.566],[0,-2.333],[-1.634,-1.566]],"o":[[2.466,0],[1.6,-1.566],[0,-2.333],[-1.6,-1.566],[-2.534,0],[-1.634,1.567],[0,2.334],[1.633,1.567]],"v":[[17.8,0.7],[23.9,-1.65],[26.3,-7.5],[23.9,-13.35],[17.8,-15.7],[11.55,-13.35],[9.1,-7.5],[11.55,-1.65]],"c":true},"ix":2},"nm":"!","mn":"ADBE Vector Shape - Group","hd":false}],"nm":"!","np":5,"cix":2,"bm":0,"ix":1,"mn":"ADBE Vector Group","hd":false}]},"fFamily":"Poppins"},{"ch":"Y","size":18,"style":"Regular","w":58.4,"data":{"shapes":[{"ty":"gr","it":[{"ind":0,"ty":"sh","ix":1,"ks":{"a":0,"k":{"i":[[0,0],[0,0],[0,0],[0,0],[0,0],[0,0],[0,0],[0,0],[0,0]],"o":[[0,0],[0,0],[0,0],[0,0],[0,0],[0,0],[0,0],[0,0],[0,0]],"v":[[46.4,-69.7],[29.2,-34.4],[12,-69.7],[1.9,-69.7],[24.7,-26.3],[24.7,0],[33.8,0],[33.8,-26.3],[56.5,-69.7]],"c":true},"ix":2},"nm":"Y","mn":"ADBE Vector Shape - Group","hd":false}],"nm":"Y","np":3,"cix":2,"bm":0,"ix":1,"mn":"ADBE Vector Group","hd":false}]},"fFamily":"Poppins"},{"ch":"o","size":18,"style":"Regular","w":64,"data":{"shapes":[{"ty":"gr","it":[{"ind":0,"ty":"sh","ix":1,"ks":{"a":0,"k":{"i":[[-5.134,0],[-4.267,2.334],[-2.5,4.3],[0,5.667],[2.433,4.267],[4.2,2.3],[5.2,0],[4.2,-2.3],[2.433,-4.3],[0,-5.6],[-2.367,-4.3],[-4.167,-2.333]],"o":[[5.2,0],[4.266,-2.333],[2.5,-4.3],[0,-5.666],[-2.434,-4.266],[-4.2,-2.3],[-5.2,0],[-4.2,2.3],[-2.434,4.3],[0,5.667],[2.366,4.3],[4.166,2.334]],"v":[[31.6,0.9],[45.8,-2.6],[55.95,-12.55],[59.7,-27.5],[56.05,-42.4],[46.1,-52.25],[32,-55.7],[17.9,-52.25],[7.95,-42.35],[4.3,-27.5],[7.85,-12.55],[17.65,-2.6]],"c":true},"ix":2},"nm":"o","mn":"ADBE Vector Shape - Group","hd":false},{"ind":1,"ty":"sh","ix":2,"ks":{"a":0,"k":{"i":[[3.266,0],[2.733,1.5],[1.633,3.067],[0,4.467],[-1.667,3.067],[-2.767,1.5],[-3.334,0],[-2.8,-1.5],[-1.734,-3.066],[0,-4.4],[1.766,-3.066],[2.866,-1.533]],"o":[[-3.267,0],[-2.734,-1.5],[-1.634,-3.066],[0,-4.4],[1.666,-3.066],[2.766,-1.5],[3.266,0],[2.8,1.5],[1.733,3.067],[0,4.4],[-1.767,3.067],[-2.867,1.534]],"v":[[31.6,-7.1],[22.6,-9.35],[16.05,-16.2],[13.6,-27.5],[16.1,-38.7],[22.75,-45.55],[31.9,-47.8],[41,-45.55],[47.8,-38.7],[50.4,-27.5],[47.75,-16.3],[40.8,-9.4]],"c":true},"ix":2},"nm":"o","mn":"ADBE Vector Shape - Group","hd":false}],"nm":"o","np":5,"cix":2,"bm":0,"ix":1,"mn":"ADBE Vector Group","hd":false}]},"fFamily":"Poppins"},{"ch":"u","size":18,"style":"Regular","w":64,"data":{"shapes":[{"ty":"gr","it":[{"ind":0,"ty":"sh","ix":1,"ks":{"a":0,"k":{"i":[[0,0],[0,0],[2.8,-3],[4.866,0],[2.733,2.9],[0,5.4],[0,0],[0,0],[0,0],[-1.967,-3.533],[-3.4,-1.766],[-4.267,0],[-3.1,1.566],[-1.734,2.8],[0,0],[0,0],[0,0]],"o":[[0,0],[0,5.734],[-2.8,3],[-4.734,0],[-2.734,-2.9],[0,0],[0,0],[0,0],[0,5.067],[1.966,3.534],[3.4,1.767],[3.733,0],[3.1,-1.566],[0,0],[0,0],[0,0],[0,0]],"v":[[47.2,-54.8],[47.2,-24.7],[43,-11.6],[31.5,-7.1],[20.3,-11.45],[16.2,-23.9],[16.2,-54.8],[7.2,-54.8],[7.2,-22.7],[10.15,-9.8],[18.2,-1.85],[29.7,0.8],[39.95,-1.55],[47.2,-8.1],[47.2,0],[56.3,0],[56.3,-54.8]],"c":true},"ix":2},"nm":"u","mn":"ADBE Vector Shape - Group","hd":false}],"nm":"u","np":3,"cix":2,"bm":0,"ix":1,"mn":"ADBE Vector Group","hd":false}]},"fFamily":"Poppins"},{"ch":"r","size":18,"style":"Regular","w":37.3,"data":{"shapes":[{"ty":"gr","it":[{"ind":0,"ty":"sh","ix":1,"ks":{"a":0,"k":{"i":[[1.6,-3.133],[0,0],[0,0],[0,0],[0,0],[0,0],[-10.2,0],[0,0],[0,0],[2.966,-1.733]],"o":[[0,0],[0,0],[0,0],[0,0],[0,0],[0,-11.066],[0,0],[0,0],[-4.267,0],[-2.967,1.734]],"v":[[16.8,-45.9],[16.8,-54.8],[7.7,-54.8],[7.7,0],[16.8,0],[16.8,-29.8],[32.1,-46.4],[34.5,-46.4],[34.5,-55.8],[23.65,-53.2]],"c":true},"ix":2},"nm":"r","mn":"ADBE Vector Shape - Group","hd":false}],"nm":"r","np":3,"cix":2,"bm":0,"ix":1,"mn":"ADBE Vector Group","hd":false}]},"fFamily":"Poppins"},{"ch":" ","size":18,"style":"Regular","w":26.7,"data":{},"fFamily":"Poppins"},{"ch":"f","size":18,"style":"Regular","w":32.9,"data":{"shapes":[{"ty":"gr","it":[{"ind":0,"ty":"sh","ix":1,"ks":{"a":0,"k":{"i":[[0,0],[0,0],[0,0],[-1.634,1.567],[-4,0],[0,0],[3.166,-2.833],[0,-6.133],[0,0],[0,0],[0,0],[0,0],[0,0],[0,0],[0,0],[0,0]],"o":[[0,0],[0,0],[0,-3.6],[1.633,-1.566],[0,0],[-7,0],[-3.167,2.834],[0,0],[0,0],[0,0],[0,0],[0,0],[0,0],[0,0],[0,0],[0,0]],"v":[[30,-54.8],[18.5,-54.8],[18.5,-58.7],[20.95,-66.45],[29.4,-68.8],[29.4,-76.4],[14.15,-72.15],[9.4,-58.7],[9.4,-54.8],[2.3,-54.8],[2.3,-47.3],[9.4,-47.3],[9.4,0],[18.5,0],[18.5,-47.3],[30,-47.3]],"c":true},"ix":2},"nm":"f","mn":"ADBE Vector Shape - Group","hd":false}],"nm":"f","np":3,"cix":2,"bm":0,"ix":1,"mn":"ADBE Vector Group","hd":false}]},"fFamily":"Poppins"},{"ch":"m","size":18,"style":"Regular","w":103,"data":{"shapes":[{"ty":"gr","it":[{"ind":0,"ty":"sh","ix":1,"ks":{"a":0,"k":{"i":[[4.266,0],[3.533,-2.133],[1.533,-3.866],[3.533,2.067],[4.6,0],[3.033,-1.533],[1.8,-2.866],[0,0],[0,0],[0,0],[0,0],[0,0],[-2.8,3.034],[-4.734,0],[-2.7,-2.9],[0,-5.466],[0,0],[0,0],[0,0],[-2.8,3.034],[-4.734,0],[-2.7,-2.9],[0,-5.466],[0,0],[0,0],[0,0],[1.933,3.534],[3.333,1.767]],"o":[[-4.334,0],[-3.534,2.134],[-1.734,-4],[-3.534,-2.066],[-3.667,0],[-3.034,1.534],[0,0],[0,0],[0,0],[0,0],[0,0],[0,-5.733],[2.8,-3.033],[4.6,0],[2.7,2.9],[0,0],[0,0],[0,0],[0,-5.733],[2.8,-3.033],[4.6,0],[2.7,2.9],[0,0],[0,0],[0,0],[0,-5.066],[-1.934,-3.533],[-3.334,-1.766]],"v":[[73.6,-55.8],[61.8,-52.6],[54.2,-43.6],[46.3,-52.7],[34.1,-55.8],[24.05,-53.5],[16.8,-46.9],[16.8,-54.8],[7.7,-54.8],[7.7,0],[16.8,0],[16.8,-30.2],[21,-43.35],[32.3,-47.9],[43.25,-43.55],[47.3,-31],[47.3,0],[56.3,0],[56.3,-30.2],[60.5,-43.35],[71.8,-47.9],[82.75,-43.55],[86.8,-31],[86.8,0],[95.8,0],[95.8,-32.3],[92.9,-45.2],[85,-53.15]],"c":true},"ix":2},"nm":"m","mn":"ADBE Vector Shape - Group","hd":false}],"nm":"m","np":3,"cix":2,"bm":0,"ix":1,"mn":"ADBE Vector Group","hd":false}]},"fFamily":"Poppins"},{"ch":"h","size":18,"style":"Regular","w":64,"data":{"shapes":[{"ty":"gr","it":[{"ind":0,"ty":"sh","ix":1,"ks":{"a":0,"k":{"i":[[4.133,0],[3.166,-1.533],[1.8,-2.8],[0,0],[0,0],[0,0],[0,0],[0,0],[-2.834,3],[-4.8,0],[-2.734,-2.9],[0,-5.466],[0,0],[0,0],[0,0],[1.9,3.534],[3.333,1.767]],"o":[[-3.934,0],[-3.167,1.534],[0,0],[0,0],[0,0],[0,0],[0,0],[0,-5.733],[2.833,-3],[4.733,0],[2.733,2.9],[0,0],[0,0],[0,0],[0,-5.066],[-1.9,-3.533],[-3.334,-1.766]],"v":[[34.9,-55.8],[24.25,-53.5],[16.8,-47],[16.8,-74],[7.7,-74],[7.7,0],[16.8,0],[16.8,-30.3],[21.05,-43.4],[32.5,-47.9],[43.7,-43.55],[47.8,-31],[47.8,0],[56.8,0],[56.8,-32.3],[53.95,-45.2],[46.1,-53.15]],"c":true},"ix":2},"nm":"h","mn":"ADBE Vector Shape - Group","hd":false}],"nm":"h","np":3,"cix":2,"bm":0,"ix":1,"mn":"ADBE Vector Group","hd":false}]},"fFamily":"Poppins"},{"ch":"a","size":18,"style":"Regular","w":67.6,"data":{"shapes":[{"ty":"gr","it":[{"ind":0,"ty":"sh","ix":1,"ks":{"a":0,"k":{"i":[[0,-5.6],[-2.267,-4.333],[-3.934,-2.4],[-4.867,0],[-3.567,2.1],[-1.8,3.2],[0,0],[0,0],[0,0],[0,0],[0,0],[3.533,2.067],[4.8,0],[3.966,-2.333],[2.266,-4.233]],"o":[[0,5.534],[2.266,4.334],[3.933,2.4],[4.733,0],[3.566,-2.1],[0,0],[0,0],[0,0],[0,0],[0,0],[-1.734,-3.133],[-3.534,-2.066],[-4.867,0],[-3.967,2.334],[-2.267,4.234]],"v":[[4.3,-27.6],[7.7,-12.8],[17,-2.7],[30.2,0.9],[42.65,-2.25],[50.7,-10.2],[50.7,0],[59.9,0],[59.9,-54.8],[50.7,-54.8],[50.7,-44.8],[42.8,-52.6],[30.3,-55.7],[17.05,-52.2],[7.7,-42.35]],"c":true},"ix":2},"nm":"a","mn":"ADBE Vector Shape - Group","hd":false},{"ind":1,"ty":"sh","ix":2,"ks":{"a":0,"k":{"i":[[0,-4.133],[1.666,-3.1],[2.833,-1.633],[3.4,0],[2.8,1.634],[1.666,3.1],[0,4.2],[-1.667,3.067],[-2.8,1.6],[-3.4,0],[-2.834,-1.633],[-1.667,-3.066]],"o":[[0,4.134],[-1.667,3.1],[-2.834,1.634],[-3.4,0],[-2.8,-1.633],[-1.667,-3.1],[0,-4.133],[1.666,-3.066],[2.8,-1.6],[3.4,0],[2.833,1.634],[1.666,3.067]],"v":[[50.7,-27.5],[48.2,-16.65],[41.45,-9.55],[32.1,-7.1],[22.8,-9.55],[16.1,-16.65],[13.6,-27.6],[16.1,-38.4],[22.8,-45.4],[32.1,-47.8],[41.45,-45.35],[48.2,-38.3]],"c":true},"ix":2},"nm":"a","mn":"ADBE Vector Shape - Group","hd":false}],"nm":"a","np":5,"cix":2,"bm":0,"ix":1,"mn":"ADBE Vector Group","hd":false}]},"fFamily":"Poppins"},{"ch":"s","size":18,"style":"Regular","w":52.2,"data":{"shapes":[{"ty":"gr","it":[{"ind":0,"ty":"sh","ix":1,"ks":{"a":0,"k":{"i":[[-4.2,0],[-3.034,1.366],[-1.667,2.4],[0,3],[1.766,2.067],[2.466,1.034],[3.933,1.067],[1.766,0.7],[1.166,1.167],[0,1.8],[-1.934,1.4],[-3.267,0],[-2.1,-1.733],[-0.2,-2.866],[0,0],[3.733,3.067],[6.066,0],[3.066,-1.366],[1.666,-2.333],[0,-2.8],[-1.834,-2.166],[-2.567,-1.1],[-4.067,-1.066],[-2.134,-1.166],[0,-2.4],[2,-1.533],[3.466,0],[2.3,1.734],[0.266,2.734],[0,0],[-1.934,-2.566],[-3.334,-1.433]],"o":[[3.933,0],[3.033,-1.366],[1.666,-2.4],[-0.067,-3.333],[-1.767,-2.066],[-2.467,-1.033],[-3.134,-0.866],[-1.767,-0.7],[-1.167,-1.166],[0,-2.266],[1.933,-1.4],[3.533,0],[2.1,1.734],[0,0],[-0.267,-5.333],[-3.734,-3.066],[-3.934,0],[-3.067,1.367],[-1.667,2.334],[0,3.534],[1.833,2.167],[2.566,1.1],[4.466,1.134],[2.133,1.167],[0,2.334],[-2,1.534],[-3.734,0],[-2.3,-1.733],[0,0],[0.2,3.334],[1.933,2.567],[3.333,1.433]],"v":[[27.1,0.9],[37.55,-1.15],[44.6,-6.8],[47.1,-14.9],[44.35,-23],[38,-27.65],[28.4,-30.8],[21.05,-33.15],[16.65,-35.95],[14.9,-40.4],[17.8,-45.9],[25.6,-48],[34.05,-45.4],[37.5,-38.5],[46.6,-38.5],[40.6,-51.1],[25.9,-55.7],[15.4,-53.65],[8.3,-48.1],[5.8,-40.4],[8.55,-31.85],[15.15,-26.95],[25.1,-23.7],[35,-20.25],[38.2,-14.9],[35.2,-9.1],[27,-6.8],[17.95,-9.4],[14.1,-16.1],[4.7,-16.1],[7.9,-7.25],[15.8,-1.25]],"c":true},"ix":2},"nm":"s","mn":"ADBE Vector Shape - Group","hd":false}],"nm":"s","np":3,"cix":2,"bm":0,"ix":1,"mn":"ADBE Vector Group","hd":false}]},"fFamily":"Poppins"},{"ch":"b","size":18,"style":"Regular","w":67.6,"data":{"shapes":[{"ty":"gr","it":[{"ind":0,"ty":"sh","ix":1,"ks":{"a":0,"k":{"i":[[1.866,-3.266],[0,0],[0,0],[0,0],[0,0],[0,0],[-3.567,-2.066],[-4.734,0],[-3.967,2.4],[-2.267,4.334],[0,5.534],[2.266,4.234],[3.933,2.334],[4.933,0],[3.6,-2.066]],"o":[[0,0],[0,0],[0,0],[0,0],[0,0],[1.8,3.2],[3.566,2.067],[4.866,0],[3.966,-2.4],[2.266,-4.333],[0,-5.6],[-2.267,-4.233],[-3.934,-2.333],[-4.6,0],[-3.6,2.067]],"v":[[16.8,-44.6],[16.8,-74],[7.7,-74],[7.7,0],[16.8,0],[16.8,-10.1],[24.85,-2.2],[37.3,0.9],[50.55,-2.7],[59.9,-12.8],[63.3,-27.6],[59.9,-42.35],[50.6,-52.2],[37.3,-55.7],[25,-52.6]],"c":true},"ix":2},"nm":"b","mn":"ADBE Vector Shape - Group","hd":false},{"ind":1,"ty":"sh","ix":2,"ks":{"a":0,"k":{"i":[[0,-4.133],[1.666,-3.1],[2.833,-1.633],[3.4,0],[2.833,1.634],[1.7,3.1],[0,4.134],[-1.7,3.1],[-2.834,1.634],[-3.334,0],[-2.834,-1.6],[-1.667,-3.066]],"o":[[0,4.2],[-1.667,3.1],[-2.834,1.634],[-3.334,0],[-2.834,-1.633],[-1.7,-3.1],[0,-4.066],[1.7,-3.1],[2.833,-1.633],[3.4,0],[2.833,1.6],[1.666,3.067]],"v":[[54,-27.6],[51.5,-16.65],[44.75,-9.55],[35.4,-7.1],[26.15,-9.55],[19.35,-16.65],[16.8,-27.5],[19.35,-38.25],[26.15,-45.35],[35.4,-47.8],[44.75,-45.4],[51.5,-38.4]],"c":true},"ix":2},"nm":"b","mn":"ADBE Vector Shape - Group","hd":false}],"nm":"b","np":5,"cix":2,"bm":0,"ix":1,"mn":"ADBE Vector Group","hd":false}]},"fFamily":"Poppins"},{"ch":"e","size":18,"style":"Regular","w":62,"data":{"shapes":[{"ty":"gr","it":[{"ind":0,"ty":"sh","ix":1,"ks":{"a":0,"k":{"i":[[0,1.734],[2.166,3.967],[4,2.267],[5.2,0],[4.1,-2.3],[2.266,-4.266],[0,-5.666],[-2.334,-4.3],[-4.1,-2.333],[-5.2,0],[-4.4,3.3],[-1.467,5.267],[0,0],[2.633,-1.833],[3.933,0],[3.366,3.034],[0.333,5.4],[0,0]],"o":[[0,-5],[-2.167,-3.966],[-4,-2.266],[-5.334,0],[-4.1,2.3],[-2.267,4.267],[0,5.667],[2.333,4.3],[4.1,2.334],[6.533,0],[4.4,-3.3],[0,0],[-1.067,3.067],[-2.634,1.834],[-4.8,0],[-3.367,-3.033],[0,0],[0.2,-1.933]],"v":[[57.7,-29.5],[54.45,-42.95],[45.2,-52.3],[31.4,-55.7],[17.25,-52.25],[7.7,-42.4],[4.3,-27.5],[7.8,-12.55],[17.45,-2.6],[31.4,0.9],[47.8,-4.05],[56.6,-16.9],[46.8,-16.9],[41.25,-9.55],[31.4,-6.8],[19.15,-11.35],[13.6,-24],[57.4,-24]],"c":true},"ix":2},"nm":"e","mn":"ADBE Vector Shape - Group","hd":false},{"ind":1,"ty":"sh","ix":2,"ks":{"a":0,"k":{"i":[[0,-3.466],[0,0],[-3.234,2.934],[-4.6,0],[-2.634,-1.3],[-1.534,-2.5]],"o":[[0,0],[0.466,-5.2],[3.233,-2.933],[3.2,0],[2.633,1.3],[1.533,2.5]],"v":[[48.3,-31.4],[13.7,-31.4],[19.25,-43.6],[31,-48],[39.75,-46.05],[46,-40.35]],"c":true},"ix":2},"nm":"e","mn":"ADBE Vector Shape - Group","hd":false}],"nm":"e","np":5,"cix":2,"bm":0,"ix":1,"mn":"ADBE Vector Group","hd":false}]},"fFamily":"Poppins"},{"ch":"n","size":18,"style":"Regular","w":64,"data":{"shapes":[{"ty":"gr","it":[{"ind":0,"ty":"sh","ix":1,"ks":{"a":0,"k":{"i":[[6.666,0],[3.1,-1.533],[1.8,-2.8],[0,0],[0,0],[0,0],[0,0],[0,0],[-2.834,3],[-4.8,0],[-2.734,-2.9],[0,-5.466],[0,0],[0,0],[0,0],[4.133,4.034]],"o":[[-3.734,0],[-3.1,1.534],[0,0],[0,0],[0,0],[0,0],[0,0],[0,-5.733],[2.833,-3],[4.733,0],[2.733,2.9],[0,0],[0,0],[0,0],[0,-7.6],[-4.134,-4.033]],"v":[[34.4,-55.8],[24.15,-53.5],[16.8,-47],[16.8,-54.8],[7.7,-54.8],[7.7,0],[16.8,0],[16.8,-30.3],[21.05,-43.4],[32.5,-47.9],[43.7,-43.55],[47.8,-31],[47.8,0],[56.8,0],[56.8,-32.3],[50.6,-49.75]],"c":true},"ix":2},"nm":"n","mn":"ADBE Vector Shape - Group","hd":false}],"nm":"n","np":3,"cix":2,"bm":0,"ix":1,"mn":"ADBE Vector Group","hd":false}]},"fFamily":"Poppins"},{"ch":"i","size":18,"style":"Regular","w":24.6,"data":{"shapes":[{"ty":"gr","it":[{"ind":0,"ty":"sh","ix":1,"ks":{"a":0,"k":{"i":[[-1.734,0],[-1.167,1.2],[0,1.734],[1.166,1.2],[1.666,0],[1.2,-1.2],[0,-1.733],[-1.2,-1.2]],"o":[[1.666,0],[1.166,-1.2],[0,-1.733],[-1.167,-1.2],[-1.734,0],[-1.2,1.2],[0,1.734],[1.2,1.2]],"v":[[12.4,-63.7],[16.65,-65.5],[18.4,-69.9],[16.65,-74.3],[12.4,-76.1],[8,-74.3],[6.2,-69.9],[8,-65.5]],"c":true},"ix":2},"nm":"i","mn":"ADBE Vector Shape - Group","hd":false},{"ind":1,"ty":"sh","ix":2,"ks":{"a":0,"k":{"i":[[0,0],[0,0],[0,0],[0,0]],"o":[[0,0],[0,0],[0,0],[0,0]],"v":[[7.7,-54.8],[7.7,0],[16.8,0],[16.8,-54.8]],"c":true},"ix":2},"nm":"i","mn":"ADBE Vector Shape - Group","hd":false}],"nm":"i","np":5,"cix":2,"bm":0,"ix":1,"mn":"ADBE Vector Group","hd":false}]},"fFamily":"Poppins"},{"ch":"t","size":18,"style":"Regular","w":36.4,"data":{"shapes":[{"ty":"gr","it":[{"ind":0,"ty":"sh","ix":1,"ks":{"a":0,"k":{"i":[[0,0],[0,0],[0,0],[0,0],[0,0],[0,0],[0,0],[0,0],[0,0],[0,0],[-2.534,-2.333],[-5.067,0],[0,0],[0,0],[0,0],[1.133,1.1],[0,2.667],[0,0]],"o":[[0,0],[0,0],[0,0],[0,0],[0,0],[0,0],[0,0],[0,0],[0,0],[0,5.334],[2.533,2.334],[0,0],[0,0],[0,0],[-2.8,0],[-1.134,-1.1],[0,0],[0,0]],"v":[[33.1,-47.3],[33.1,-54.8],[18.8,-54.8],[18.8,-68.6],[9.7,-68.6],[9.7,-54.8],[2.6,-54.8],[2.6,-47.3],[9.7,-47.3],[9.7,-15],[13.5,-3.5],[24.9,0],[33.1,0],[33.1,-7.7],[26.4,-7.7],[20.5,-9.35],[18.8,-15],[18.8,-47.3]],"c":true},"ix":2},"nm":"t","mn":"ADBE Vector Shape - Group","hd":false}],"nm":"t","np":3,"cix":2,"bm":0,"ix":1,"mn":"ADBE Vector Group","hd":false}]},"fFamily":"Poppins"},{"ch":"d","size":18,"style":"Regular","w":67.6,"data":{"shapes":[{"ty":"gr","it":[{"ind":0,"ty":"sh","ix":1,"ks":{"a":0,"k":{"i":[[0,-5.6],[-2.267,-4.333],[-3.967,-2.4],[-4.867,0],[-3.534,2.1],[-1.8,3.267],[0,0],[0,0],[0,0],[0,0],[0,0],[3.666,1.967],[4.266,0],[3.966,-2.333],[2.266,-4.233]],"o":[[0,5.534],[2.266,4.334],[3.966,2.4],[4.733,0],[3.533,-2.1],[0,0],[0,0],[0,0],[0,0],[0,0],[-1.934,-3.2],[-3.667,-1.966],[-4.934,0],[-3.967,2.334],[-2.267,4.234]],"v":[[4.3,-27.6],[7.7,-12.8],[17.05,-2.7],[30.3,0.9],[42.7,-2.25],[50.7,-10.3],[50.7,0],[59.9,0],[59.9,-74],[50.7,-74],[50.7,-45],[42.3,-52.75],[30.4,-55.7],[17.05,-52.2],[7.7,-42.35]],"c":true},"ix":2},"nm":"d","mn":"ADBE Vector Shape - Group","hd":false},{"ind":1,"ty":"sh","ix":2,"ks":{"a":0,"k":{"i":[[0,-4.133],[1.666,-3.1],[2.833,-1.633],[3.4,0],[2.8,1.634],[1.666,3.1],[0,4.2],[-1.667,3.067],[-2.8,1.6],[-3.4,0],[-2.834,-1.633],[-1.667,-3.066]],"o":[[0,4.134],[-1.667,3.1],[-2.834,1.634],[-3.4,0],[-2.8,-1.633],[-1.667,-3.1],[0,-4.133],[1.666,-3.066],[2.8,-1.6],[3.4,0],[2.833,1.634],[1.666,3.067]],"v":[[50.7,-27.5],[48.2,-16.65],[41.45,-9.55],[32.1,-7.1],[22.8,-9.55],[16.1,-16.65],[13.6,-27.6],[16.1,-38.4],[22.8,-45.4],[32.1,-47.8],[41.45,-45.35],[48.2,-38.3]],"c":true},"ix":2},"nm":"d","mn":"ADBE Vector Shape - Group","hd":false}],"nm":"d","np":5,"cix":2,"bm":0,"ix":1,"mn":"ADBE Vector Group","hd":false}]},"fFamily":"Poppins"},{"ch":".","size":18,"style":"Regular","w":21,"data":{"shapes":[{"ty":"gr","it":[{"ind":0,"ty":"sh","ix":1,"ks":{"a":0,"k":{"i":[[-1.734,0],[-1.167,1.2],[0,1.734],[1.166,1.2],[1.666,0],[1.2,-1.2],[0,-1.733],[-1.2,-1.2]],"o":[[1.666,0],[1.166,-1.2],[0,-1.733],[-1.167,-1.2],[-1.734,0],[-1.2,1.2],[0,1.734],[1.2,1.2]],"v":[[10.6,0.6],[14.85,-1.2],[16.6,-5.6],[14.85,-10],[10.6,-11.8],[6.2,-10],[4.4,-5.6],[6.2,-1.2]],"c":true},"ix":2},"nm":".","mn":"ADBE Vector Shape - Group","hd":false}],"nm":".","np":3,"cix":2,"bm":0,"ix":1,"mn":"ADBE Vector Group","hd":false}]},"fFamily":"Poppins"}]}